SegmentID,speed,update
1002,-1,2011-10-28 11:50:50.0
1004,-1,2010-07-21 14:51:08.0
1005,-1,2010-07-21 14:51:08.0
1006,-1,2010-07-21 14:51:10.0
1007,-1,2010-07-21 14:51:08.0
1008,-1,2010-07-21 14:51:08.0
1009,-1,2010-07-21 14:51:08.0
1010,-1,2010-07-21 14:51:08.0
1012,-1,2010-07-21 14:50:53.0
1013,-1,2010-07-21 14:50:53.0
1014,-1,2012-11-02 13:21:12.0
1015,-1,2010-07-21 14:50:53.0
1016,-1,2010-07-21 14:50:53.0
1017,-1,2010-07-21 14:50:53.0
1019,-1,2010-07-21 14:50:53.0
1020,-1,2010-07-21 14:50:54.0
1021,-1,2010-07-21 14:50:54.0
1022,-1,2010-07-21 14:50:54.0
1023,-1,2010-07-21 14:50:54.0
1032,-1,2010-07-21 14:50:54.0
1041,-1,2010-07-21 14:50:54.0
1042,-1,2010-07-21 14:50:55.0
1043,-1,2010-07-21 14:50:55.0
1044,-1,2010-07-21 14:50:55.0
1045,-1,2010-07-21 14:51:09.0
1046,-1,2011-10-28 14:11:06.0
1047,-1,2011-10-28 14:10:51.0
1048,-1,2011-10-28 14:10:51.0
1064,-1,2011-11-02 10:31:27.0
1065,-1,2010-07-21 14:51:03.0
1066,-1,2010-07-21 14:51:03.0
1067,-1,2010-07-21 14:51:02.0
1068,-1,2010-07-21 14:51:03.0
1069,-1,2010-07-21 14:50:32.0
1070,-1,2010-07-21 14:51:03.0
1071,-1,2010-07-21 14:51:03.0
1072,-1,2010-07-21 14:51:03.0
1073,-1,2010-07-21 14:51:03.0
1074,-1,2010-07-21 14:51:03.0
1075,-1,2010-07-21 14:51:03.0
1076,-1,2010-07-21 14:51:03.0
1077,-1,2010-07-21 14:51:09.0
1078,-1,2010-07-21 14:51:10.0
1079,-1,2010-07-21 14:51:10.0
1080,-1,2010-07-21 14:51:03.0
1084,-1,2010-07-21 14:51:09.0
1085,-1,2010-07-21 14:51:04.0
1086,-1,2010-07-21 14:51:11.0
1087,-1,2010-07-21 14:51:11.0
1088,-1,2010-07-21 14:51:04.0
1092,-1,2010-07-21 14:51:04.0
1093,-1,2010-07-21 14:51:04.0
1094,-1,2010-07-21 14:51:04.0
1095,-1,2010-07-21 14:51:04.0
1096,-1,2010-07-21 14:51:04.0
1097,-1,2010-07-21 14:51:04.0
1106,-1,2010-07-21 14:51:05.0
1107,-1,2010-07-21 14:51:05.0
1108,-1,2010-07-21 14:51:05.0
1109,-1,2010-07-21 14:51:05.0
1110,-1,2010-07-21 14:51:05.0
1111,-1,2010-07-21 14:51:05.0
1112,-1,2010-07-21 14:51:05.0
1113,-1,2010-07-21 14:51:11.0
1114,-1,2010-07-21 14:51:05.0
1119,-1,2010-07-21 14:51:06.0
1120,-1,2010-07-21 14:51:06.0
1121,-1,2010-07-21 14:51:06.0
1122,-1,2010-07-21 14:51:06.0
1123,-1,2011-08-02 14:21:13.0
1128,-1,2010-07-21 14:50:55.0
1129,-1,2010-07-21 14:51:13.0
1130,-1,2010-07-21 14:51:13.0
1131,-1,2010-07-21 14:51:11.0
1135,-1,2010-07-21 14:51:13.0
1136,-1,2010-07-21 14:51:13.0
1137,-1,2010-07-21 14:51:13.0
1138,-1,2010-07-21 14:51:13.0
1139,-1,2010-07-21 14:51:13.0
1141,-1,2010-07-21 14:51:14.0
1142,-1,2010-07-21 14:51:14.0
1143,-1,2010-07-21 14:51:14.0
1144,-1,2010-07-21 14:51:14.0
1145,-1,2010-07-21 14:51:14.0
1146,-1,2010-07-21 14:51:14.0
1147,-1,2010-07-21 14:51:14.0
1148,-1,2010-07-21 14:51:14.0
1149,-1,2010-07-21 14:51:14.0
1150,-1,2010-07-21 14:51:14.0
1154,-1,2010-07-21 14:51:14.0
1155,-1,2010-07-21 14:51:14.0
1156,-1,2010-07-21 14:51:14.0
1157,-1,2010-07-21 14:51:14.0
1159,-1,2010-07-21 14:51:14.0
1160,-1,2010-07-21 14:51:14.0
1161,-1,2010-07-21 14:51:14.0
1162,-1,2010-07-21 14:51:14.0
1163,-1,2010-07-21 14:51:14.0
1164,-1,2010-07-21 14:51:15.0
1165,-1,2010-07-21 14:51:12.0
1166,-1,2010-07-21 14:51:12.0
1167,-1,2010-07-21 14:51:12.0
1168,-1,2010-07-21 14:51:12.0
1169,-1,2010-07-21 14:51:12.0
1174,-1,2010-07-21 14:51:12.0
1175,-1,2010-07-21 14:51:12.0
1194,-1,2011-10-27 11:31:24.0
1195,-1,2011-10-27 11:31:24.0
1275,-1,2011-08-10 00:00:00.0
1278,-1,2011-08-10 00:00:00.0
1279,-1,2011-08-10 00:00:00.0
128,-1,2010-07-21 14:50:15.0
1284,-1,2011-08-10 00:00:00.0
130,-1,2010-07-21 14:50:15.0
163,-1,2010-07-21 14:50:17.0
164,-1,2012-11-02 13:40:04.0
165,-1,2010-07-21 14:50:17.0
167,-1,2012-11-02 13:40:59.0
213,-1,2010-07-21 14:50:33.0
432,-1,2010-07-21 14:50:26.0
433,-1,2010-07-21 14:50:26.0
434,-1,2010-07-21 14:50:26.0
436,-1,2010-07-21 14:50:26.0
437,-1,2010-07-21 14:51:09.0
438,-1,2010-07-21 14:50:26.0
461,-1,2010-07-21 14:50:47.0
462,-1,2010-07-21 14:50:47.0
475,-1,2010-07-21 14:50:48.0
476,-1,2010-07-21 14:50:48.0
523,-1,2012-11-02 13:21:31.0
524,-1,2012-11-02 13:21:09.0
561,-1,2010-07-21 14:50:37.0
562,-1,2010-07-21 14:50:37.0
613,-1,2011-08-02 14:21:14.0
630,-1,2010-07-21 14:51:16.0
631,-1,2010-07-21 14:50:42.0
654,-1,2010-07-21 14:50:43.0
655,-1,2010-07-21 14:50:43.0
657,-1,2010-07-21 14:51:10.0
658,-1,2010-07-21 14:50:43.0
659,-1,2010-07-21 14:50:44.0
661,-1,2010-07-21 14:50:44.0
668,-1,2010-07-21 14:51:11.0
669,-1,2010-07-21 14:50:44.0
671,-1,2010-07-21 14:50:44.0
672,-1,2010-07-21 14:50:44.0
675,-1,2010-07-21 14:50:44.0
676,-1,2011-08-02 14:20:57.0
677,-1,2011-08-02 14:20:57.0
681,-1,2010-07-21 14:50:44.0
682,-1,2010-07-21 14:50:44.0
701,-1,2010-07-21 14:50:45.0
722,-1,2010-07-21 14:50:46.0
723,-1,2010-07-21 14:50:46.0
724,-1,2010-07-21 14:50:46.0
725,-1,2010-07-21 14:50:46.0
726,-1,2010-07-21 14:50:46.0
727,-1,2010-07-21 14:50:46.0
728,-1,2010-07-21 14:50:46.0
729,-1,2010-07-21 14:50:46.0
730,-1,2010-07-21 14:51:09.0
731,-1,2010-07-21 14:51:09.0
732,-1,2010-07-21 14:50:46.0
733,-1,2010-07-21 14:50:46.0
735,-1,2011-08-02 14:21:04.0
736,-1,2010-07-21 14:50:52.0
740,-1,2010-07-21 14:50:53.0
741,-1,2010-07-21 14:50:53.0
742,-1,2010-07-21 14:50:53.0
743,-1,2010-07-21 14:50:53.0
744,-1,2010-07-21 14:50:53.0
745,-1,2010-07-21 14:50:53.0
746,-1,2010-07-21 14:50:53.0
747,-1,2010-07-21 14:50:53.0
748,-1,2010-07-21 14:50:53.0
749,-1,2010-07-21 14:50:53.0
750,-1,2010-07-21 14:51:10.0
751,-1,2010-07-21 14:50:53.0
754,-1,2010-07-21 14:50:53.0
764,-1,2010-07-21 14:50:53.0
794,-1,2010-07-21 14:50:56.0
818,-1,2010-07-21 14:50:57.0
819,-1,2010-07-21 14:51:09.0
820,-1,2010-07-21 14:50:57.0
836,-1,2010-07-21 14:50:58.0
865,-1,2010-07-21 14:50:58.0
897,-1,2010-07-21 14:50:51.0
951,-1,2010-07-21 14:51:00.0
952,-1,2010-07-21 14:51:00.0
953,-1,2010-07-21 14:51:00.0
958,-1,2011-08-02 14:21:11.0
959,-1,2010-07-21 14:51:01.0
963,-1,2010-07-21 14:51:01.0
964,-1,2010-07-21 14:51:01.0
965,-1,2010-07-21 14:51:01.0
973,-1,2010-07-21 14:51:02.0
981,-1,2010-07-21 14:51:07.0
982,-1,2010-07-21 14:51:07.0
983,-1,2010-07-21 14:51:07.0
984,-1,2010-07-21 14:51:07.0
988,-1,2010-07-21 14:51:10.0
989,-1,2010-07-21 14:51:07.0
990,-1,2010-07-21 14:51:07.0
991,-1,2010-07-21 14:51:07.0
992,-1,2010-07-21 14:51:07.0
993,-1,2010-07-21 14:51:07.0
995,-1,2010-07-21 14:51:07.0
996,-1,2010-07-21 14:51:08.0
998,-1,2011-08-02 14:21:14.0
999,-1,2011-10-28 11:50:50.0
1172,16,2015-06-18 20:40:26.0
178,19,2015-06-18 20:40:06.0
426,-1,2015-06-18 20:40:09.0
646,33,2015-06-18 20:40:16.0
89,23,2015-06-18 20:40:09.0
955,-1,2015-06-18 20:40:23.0
941,28,2015-06-18 20:40:23.0
572,-1,2015-06-18 20:40:14.0
821,-1,2015-06-18 20:40:22.0
1286,12,2015-06-18 20:40:25.0
205,23,2015-06-18 20:40:07.0
549,23,2015-06-18 20:40:14.0
485,-1,2015-06-18 20:40:18.0
609,54,2015-06-18 20:40:12.0
1289,13,2015-06-18 20:40:25.0
1268,-1,2015-06-18 20:40:26.0
231,-1,2015-06-18 20:40:13.0
211,13,2015-06-18 20:40:12.0
834,-1,2015-06-18 20:40:22.0
685,29,2015-06-18 20:40:17.0
1000,-1,2015-06-18 20:40:25.0
48,27,2015-06-18 20:40:08.0
1024,-1,2015-06-18 20:40:20.0
335,13,2015-06-18 20:40:10.0
564,28,2015-06-18 20:40:14.0
397,23,2015-06-18 20:40:11.0
797,30,2015-06-18 20:40:21.0
689,14,2015-06-18 20:40:17.0
936,17,2015-06-18 20:40:23.0
513,20,2015-06-18 20:40:19.0
101,18,2015-06-18 20:40:09.0
1267,-1,2015-06-18 20:40:26.0
874,18,2015-06-18 20:40:22.0
934,-1,2015-06-18 20:40:23.0
246,27,2015-06-18 20:40:13.0
493,34,2015-06-18 20:40:24.0
571,23,2015-06-18 20:40:14.0
551,17,2015-06-18 20:40:14.0
1178,-1,2015-06-18 20:40:26.0
116,17,2015-06-18 20:40:09.0
332,-1,2015-06-18 20:40:10.0
699,27,2015-06-18 20:40:17.0
787,25,2015-06-18 20:40:21.0
517,27,2015-06-18 20:40:19.0
12,29,2015-06-18 20:40:07.0
184,35,2015-06-18 20:40:06.0
780,-1,2015-06-18 20:40:21.0
529,-1,2015-06-18 20:40:19.0
357,-1,2015-06-18 20:40:10.0
674,-1,2015-06-18 20:40:17.0
1300,20,2015-06-18 20:40:27.0
579,55,2015-06-18 20:40:11.0
1200,34,2015-06-18 20:40:20.0
408,27,2015-06-18 20:40:11.0
225,27,2015-06-18 20:40:13.0
372,-1,2015-06-18 20:40:11.0
339,22,2015-06-18 20:40:10.0
940,-1,2015-06-18 20:40:23.0
1257,15,2015-06-18 20:40:26.0
492,-1,2015-06-18 20:40:18.0
289,23,2015-06-18 20:40:16.0
759,19,2015-06-18 20:40:20.0
1242,-1,2015-06-18 20:40:25.0
1089,23,2015-06-18 20:40:24.0
389,-1,2015-06-18 20:40:11.0
770,-1,2015-06-18 20:40:20.0
557,-1,2015-06-18 20:40:14.0
115,26,2015-06-18 20:40:09.0
1282,15,2015-06-18 20:40:12.0
1250,30,2015-06-18 20:40:26.0
103,-1,2015-06-18 20:40:09.0
1266,20,2015-06-18 20:40:26.0
848,-1,2015-06-18 20:40:22.0
640,-1,2015-06-18 20:40:16.0
113,-1,2015-06-18 20:40:09.0
969,-1,2015-06-18 20:40:23.0
234,24,2015-06-18 20:40:13.0
56,-1,2015-06-18 20:40:08.0
430,-1,2015-06-18 20:40:10.0
362,29,2015-06-18 20:40:10.0
262,27,2015-06-18 20:40:15.0
473,-1,2015-06-18 20:40:18.0
221,-1,2015-06-18 20:40:12.0
704,23,2015-06-18 20:40:17.0
376,33,2015-06-18 20:40:11.0
502,23,2015-06-18 20:40:19.0
768,18,2015-06-18 20:40:20.0
1243,-1,2015-06-18 20:40:25.0
626,-1,2015-06-18 20:40:16.0
85,21,2015-06-18 20:40:09.0
499,32,2015-06-18 20:40:19.0
844,28,2015-06-18 20:40:22.0
168,29,2015-06-18 20:40:06.0
4,24,2015-06-18 20:40:07.0
932,23,2015-06-18 20:40:23.0
1269,21,2015-06-18 20:40:20.0
927,29,2015-06-18 20:40:20.0
349,36,2015-06-18 20:40:10.0
852,-1,2015-06-18 20:40:22.0
494,29,2015-06-18 20:40:24.0
1239,23,2015-06-18 20:40:25.0
518,29,2015-06-18 20:40:19.0
957,-1,2015-06-18 20:40:23.0
1230,23,2015-06-18 20:40:25.0
156,21,2015-06-18 20:40:06.0
803,35,2015-06-18 20:40:21.0
656,-1,2015-06-18 20:40:17.0
696,16,2015-06-18 20:40:17.0
911,13,2015-06-18 20:40:20.0
826,28,2015-06-18 20:40:22.0
191,10,2015-06-18 20:40:07.0
700,21,2015-06-18 20:40:17.0
378,25,2015-06-18 20:40:11.0
1091,-1,2015-06-18 20:40:24.0
385,29,2015-06-18 20:40:11.0
8,28,2015-06-18 20:40:07.0
695,25,2015-06-18 20:40:17.0
396,18,2015-06-18 20:40:11.0
846,30,2015-06-18 20:40:22.0
1026,-1,2015-06-18 20:40:20.0
756,-1,2015-06-18 20:40:20.0
1186,-1,2015-06-18 20:40:26.0
842,-1,2015-06-18 20:40:22.0
253,29,2015-06-18 20:40:15.0
281,20,2015-06-18 20:40:16.0
104,-1,2015-06-18 20:40:09.0
355,26,2015-06-18 20:40:10.0
383,18,2015-06-18 20:40:11.0
1011,-1,2015-06-18 20:40:20.0
882,-1,2015-06-18 20:40:23.0
369,-1,2015-06-18 20:40:10.0
69,-1,2015-06-18 20:40:08.0
124,24,2015-06-18 20:40:09.0
391,-1,2015-06-18 20:40:11.0
1262,23,2015-06-18 20:40:26.0
758,17,2015-06-18 20:40:20.0
112,-1,2015-06-18 20:40:09.0
1098,-1,2015-06-18 20:40:24.0
888,48,2015-06-18 20:40:23.0
1290,13,2015-06-18 20:40:26.0
1062,-1,2015-06-18 20:40:24.0
71,25,2015-06-18 20:40:08.0
707,27,2015-06-18 20:40:17.0
420,17,2015-06-18 20:40:09.0
348,25,2015-06-18 20:40:10.0
280,21,2015-06-18 20:40:16.0
193,14,2015-06-18 20:40:07.0
931,27,2015-06-18 20:40:23.0
410,26,2015-06-18 20:40:12.0
752,-1,2015-06-18 20:40:20.0
82,20,2015-06-18 20:40:08.0
1035,12,2015-06-18 20:40:21.0
928,14,2015-06-18 20:40:23.0
1171,-1,2015-06-18 20:40:26.0
621,-1,2015-06-18 20:40:16.0
779,-1,2015-06-18 20:40:21.0
703,16,2015-06-18 20:40:17.0
459,-1,2015-06-18 20:40:18.0
831,-1,2015-06-18 20:40:22.0
1053,18,2015-06-18 20:40:24.0
269,23,2015-06-18 20:40:15.0
563,25,2015-06-18 20:40:14.0
147,25,2015-06-18 20:40:06.0
944,14,2015-06-18 20:40:23.0
24,-1,2015-06-18 20:40:08.0
1281,-1,2015-06-18 20:40:12.0
78,27,2015-06-18 20:40:08.0
374,-1,2015-06-18 20:40:11.0
1170,-1,2015-06-18 20:40:26.0
206,13,2015-06-18 20:40:07.0
323,23,2015-06-18 20:40:15.0
114,-1,2015-06-18 20:40:09.0
1037,24,2015-06-18 20:40:21.0
106,-1,2015-06-18 20:40:09.0
254,20,2015-06-18 20:40:15.0
715,24,2015-06-18 20:40:17.0
28,25,2015-06-18 20:40:08.0
309,16,2015-06-18 20:40:14.0
841,-1,2015-06-18 20:40:22.0
72,17,2015-06-18 20:40:08.0
1187,-1,2015-06-18 20:40:26.0
824,23,2015-06-18 20:40:22.0
1254,25,2015-06-18 20:40:26.0
400,14,2015-06-18 20:40:11.0
605,-1,2015-06-18 20:40:12.0
1232,-1,2015-06-18 20:40:25.0
573,18,2015-06-18 20:40:11.0
509,18,2015-06-18 20:40:19.0
169,19,2015-06-18 20:40:06.0
134,12,2015-06-18 20:40:05.0
977,-1,2015-06-18 20:40:24.0
285,25,2015-06-18 20:40:16.0
891,49,2015-06-18 20:40:19.0
864,20,2015-06-18 20:40:22.0
1034,-1,2015-06-18 20:40:21.0
917,13,2015-06-18 20:40:20.0
498,24,2015-06-18 20:40:19.0
248,27,2015-06-18 20:40:19.0
622,-1,2015-06-18 20:40:16.0
587,37,2015-06-18 20:40:12.0
716,19,2015-06-18 20:40:17.0
265,32,2015-06-18 20:40:15.0
1255,18,2015-06-18 20:40:26.0
975,34,2015-06-18 20:40:26.0
962,-1,2015-06-18 20:40:23.0
395,25,2015-06-18 20:40:11.0
688,23,2015-06-18 20:40:17.0
1054,14,2015-06-18 20:40:24.0
342,31,2015-06-18 20:40:10.0
832,-1,2015-06-18 20:40:22.0
251,27,2015-06-18 20:40:19.0
172,25,2015-06-18 20:40:06.0
1270,24,2015-06-18 20:40:20.0
541,14,2015-06-18 20:40:13.0
30,-1,2015-06-18 20:40:08.0
1273,25,2015-06-18 20:40:20.0
697,21,2015-06-18 20:40:17.0
68,17,2015-06-18 20:40:08.0
6,16,2015-06-18 20:40:07.0
876,20,2015-06-18 20:40:22.0
799,36,2015-06-18 20:40:21.0
971,20,2015-06-18 20:40:23.0
9,28,2015-06-18 20:40:07.0
904,19,2015-06-18 20:40:20.0
1299,-1,2015-06-18 20:40:26.0
63,31,2015-06-18 20:40:08.0
900,20,2015-06-18 20:40:20.0
469,30,2015-06-18 20:40:18.0
255,28,2015-06-18 20:40:15.0
804,23,2015-06-18 20:40:21.0
600,52,2015-06-18 20:40:12.0
365,23,2015-06-18 20:40:10.0
528,-1,2015-06-18 20:40:19.0
800,15,2015-06-18 20:40:21.0
887,50,2015-06-18 20:40:23.0
324,21,2015-06-18 20:40:15.0
444,20,2015-06-18 20:40:10.0
386,22,2015-06-18 20:40:11.0
209,13,2015-06-18 20:40:07.0
79,12,2015-06-18 20:40:08.0
1248,38,2015-06-18 20:40:26.0
208,-1,2015-06-18 20:40:07.0
220,-1,2015-06-18 20:40:12.0
7,26,2015-06-18 20:40:07.0
506,-1,2015-06-18 20:40:19.0
1252,18,2015-06-18 20:40:26.0
791,-1,2015-06-18 20:40:21.0
1063,-1,2015-06-18 20:40:24.0
470,29,2015-06-18 20:40:18.0
956,-1,2015-06-18 20:40:23.0
508,-1,2015-06-18 20:40:19.0
100,19,2015-06-18 20:40:09.0
1244,-1,2015-06-18 20:40:25.0
1127,-1,2015-06-18 20:40:21.0
298,-1,2015-06-18 20:40:14.0
10,18,2015-06-18 20:40:07.0
702,23,2015-06-18 20:40:17.0
1101,27,2015-06-18 20:40:24.0
1213,27,2015-06-18 20:40:27.0
320,24,2015-06-18 20:40:14.0
1219,13,2015-06-18 20:40:27.0
935,22,2015-06-18 20:40:23.0
527,-1,2015-06-18 20:40:19.0
291,15,2015-06-18 20:40:09.0
994,-1,2015-06-18 20:40:25.0
710,15,2015-06-18 20:40:17.0
373,-1,2015-06-18 20:40:11.0
1227,23,2015-06-18 20:40:25.0
487,23,2015-06-18 20:40:18.0
853,-1,2015-06-18 20:40:22.0
86,27,2015-06-18 20:40:09.0
375,-1,2015-06-18 20:40:11.0
303,-1,2015-06-18 20:40:14.0
1221,-1,2015-06-18 20:40:25.0
295,17,2015-06-18 20:40:14.0
781,-1,2015-06-18 20:40:21.0
1260,27,2015-06-18 20:40:26.0
43,30,2015-06-18 20:40:08.0
427,29,2015-06-18 20:40:09.0
1264,-1,2015-06-18 20:40:26.0
91,18,2015-06-18 20:40:09.0
515,29,2015-06-18 20:40:19.0
568,27,2015-06-18 20:40:14.0
185,-1,2015-06-18 20:40:06.0
108,-1,2015-06-18 20:40:09.0
961,-1,2015-06-18 20:40:23.0
1184,-1,2015-06-18 20:40:26.0
343,-1,2015-06-18 20:40:10.0
521,33,2015-06-18 20:40:19.0
808,-1,2015-06-18 20:40:21.0
569,36,2015-06-18 20:40:14.0
500,32,2015-06-18 20:40:19.0
830,27,2015-06-18 20:40:22.0
1028,12,2015-06-18 20:40:21.0
364,20,2015-06-18 20:40:10.0
511,29,2015-06-18 20:40:19.0
325,16,2015-06-18 20:40:15.0
407,26,2015-06-18 20:40:11.0
201,18,2015-06-18 20:40:07.0
1271,16,2015-06-18 20:40:20.0
1199,-1,2015-06-18 20:40:17.0
567,38,2015-06-18 20:40:14.0
161,16,2015-06-18 20:40:06.0
980,-1,2015-06-18 20:40:25.0
898,-1,2015-06-18 20:40:20.0
586,34,2015-06-18 20:40:12.0
288,16,2015-06-18 20:40:16.0
1134,25,2015-06-18 20:40:27.0
417,-1,2015-06-18 20:40:09.0
370,-1,2015-06-18 20:40:10.0
805,24,2015-06-18 20:40:21.0
651,25,2015-06-18 20:40:16.0
859,-1,2015-06-18 20:40:22.0
811,35,2015-06-18 20:40:21.0
271,23,2015-06-18 20:40:15.0
202,19,2015-06-18 20:40:07.0
760,20,2015-06-18 20:40:20.0
81,20,2015-06-18 20:40:08.0
153,15,2015-06-18 20:40:06.0
615,-1,2015-06-18 20:40:20.0
260,-1,2015-06-18 20:40:15.0
776,25,2015-06-18 20:40:21.0
480,26,2015-06-18 20:40:18.0
353,29,2015-06-18 20:40:10.0
160,22,2015-06-18 20:40:06.0
766,12,2015-06-18 20:40:20.0
913,28,2015-06-18 20:40:20.0
235,27,2015-06-18 20:40:13.0
105,-1,2015-06-18 20:40:09.0
774,25,2015-06-18 20:40:16.0
686,-1,2015-06-18 20:40:17.0
123,18,2015-06-18 20:40:09.0
966,-1,2015-06-18 20:40:23.0
793,-1,2015-06-18 20:40:21.0
1249,35,2015-06-18 20:40:26.0
464,-1,2015-06-18 20:40:18.0
222,-1,2015-06-18 20:40:12.0
132,21,2015-06-18 20:40:05.0
822,18,2015-06-18 20:40:22.0
1292,16,2015-06-18 20:40:26.0
773,18,2015-06-18 20:40:16.0
1185,28,2015-06-18 20:40:26.0
337,24,2015-06-18 20:40:10.0
861,19,2015-06-18 20:40:22.0
51,20,2015-06-18 20:40:08.0
240,28,2015-06-18 20:40:13.0
313,23,2015-06-18 20:40:14.0
210,16,2015-06-18 20:40:07.0
738,-1,2015-06-18 20:40:20.0
548,15,2015-06-18 20:40:14.0
350,27,2015-06-18 20:40:10.0
463,-1,2015-06-18 20:40:18.0
679,26,2015-06-18 20:40:17.0
317,-1,2015-06-18 20:40:14.0
649,16,2015-06-18 20:40:16.0
673,-1,2015-06-18 20:40:17.0
329,-1,2015-06-18 20:40:15.0
1306,-1,2015-06-18 20:40:27.0
566,35,2015-06-18 20:40:14.0
974,29,2015-06-18 20:40:26.0
535,-1,2015-06-18 20:40:13.0
608,54,2015-06-18 20:40:12.0
860,10,2015-06-18 20:40:22.0
1050,-1,2015-06-18 20:40:21.0
1291,-1,2015-06-18 20:40:26.0
1229,16,2015-06-18 20:40:25.0
1152,23,2015-06-18 20:40:27.0
858,-1,2015-06-18 20:40:22.0
635,29,2015-06-18 20:40:16.0
141,33,2015-06-18 20:40:05.0
92,23,2015-06-18 20:40:09.0
1308,-1,2015-06-18 20:40:27.0
468,24,2015-06-18 20:40:18.0
771,-1,2015-06-18 20:40:16.0
449,32,2015-06-18 20:40:10.0
542,35,2015-06-18 20:40:13.0
310,28,2015-06-18 20:40:14.0
653,20,2015-06-18 20:40:17.0
275,18,2015-06-18 20:40:15.0
886,27,2015-06-18 20:40:23.0
1301,20,2015-06-18 20:40:25.0
447,23,2015-06-18 20:40:10.0
321,25,2015-06-18 20:40:14.0
279,27,2015-06-18 20:40:16.0
570,18,2015-06-18 20:40:14.0
270,35,2015-06-18 20:40:15.0
873,22,2015-06-18 20:40:22.0
109,-1,2015-06-18 20:40:09.0
545,14,2015-06-18 20:40:13.0
1193,20,2015-06-18 20:40:26.0
795,-1,2015-06-18 20:40:21.0
282,-1,2015-06-18 20:40:16.0
806,30,2015-06-18 20:40:21.0
226,14,2015-06-18 20:40:13.0
70,-1,2015-06-18 20:40:08.0
1295,11,2015-06-18 20:40:26.0
692,23,2015-06-18 20:40:17.0
140,16,2015-06-18 20:40:05.0
985,-1,2015-06-18 20:40:25.0
978,-1,2015-06-18 20:40:24.0
244,12,2015-06-18 20:40:13.0
1029,-1,2015-06-18 20:40:21.0
307,24,2015-06-18 20:40:14.0
1293,31,2015-06-18 20:40:26.0
862,15,2015-06-18 20:40:22.0
259,16,2015-06-18 20:40:15.0
88,20,2015-06-18 20:40:09.0
415,-1,2015-06-18 20:40:09.0
960,-1,2015-06-18 20:40:23.0
268,23,2015-06-18 20:40:15.0
540,-1,2015-06-18 20:40:13.0
950,-1,2015-06-18 20:40:23.0
616,-1,2015-06-18 20:40:20.0
232,31,2015-06-18 20:40:13.0
76,25,2015-06-18 20:40:08.0
1151,20,2015-06-18 20:40:27.0
1217,-1,2015-06-18 20:40:27.0
584,19,2015-06-18 20:40:12.0
633,-1,2015-06-18 20:40:16.0
217,21,2015-06-18 20:40:12.0
767,20,2015-06-18 20:40:20.0
555,-1,2015-06-18 20:40:14.0
1288,15,2015-06-18 20:40:25.0
73,24,2015-06-18 20:40:08.0
467,27,2015-06-18 20:40:18.0
83,12,2015-06-18 20:40:15.0
1231,16,2015-06-18 20:40:25.0
327,-1,2015-06-18 20:40:15.0
23,-1,2015-06-18 20:40:08.0
578,55,2015-06-18 20:40:11.0
363,31,2015-06-18 20:40:10.0
501,-1,2015-06-18 20:40:19.0
948,-1,2015-06-18 20:40:23.0
39,13,2015-06-18 20:40:08.0
1233,-1,2015-06-18 20:40:25.0
488,18,2015-06-18 20:40:18.0
1225,21,2015-06-18 20:40:25.0
41,14,2015-06-18 20:40:08.0
903,20,2015-06-18 20:40:20.0
341,-1,2015-06-18 20:40:10.0
687,17,2015-06-18 20:40:17.0
796,-1,2015-06-18 20:40:21.0
451,17,2015-06-18 20:40:10.0
544,23,2015-06-18 20:40:13.0
55,-1,2015-06-18 20:40:08.0
49,-1,2015-06-18 20:40:08.0
883,-1,2015-06-18 20:40:23.0
441,23,2015-06-18 20:40:10.0
489,11,2015-06-18 20:40:18.0
1081,-1,2015-06-18 20:40:24.0
65,27,2015-06-18 20:40:08.0
230,31,2015-06-18 20:40:13.0
31,-1,2015-06-18 20:40:08.0
596,53,2015-06-18 20:40:12.0
331,-1,2015-06-18 20:40:10.0
592,-1,2015-06-18 20:40:12.0
423,22,2015-06-18 20:40:09.0
1182,-1,2015-06-18 20:40:26.0
1118,37,2015-06-18 20:40:24.0
1236,-1,2015-06-18 20:40:25.0
1216,24,2015-06-18 20:40:27.0
895,50,2015-06-18 20:40:20.0
537,18,2015-06-18 20:40:13.0
465,22,2015-06-18 20:40:18.0
347,-1,2015-06-18 20:40:10.0
713,25,2015-06-18 20:40:17.0
1102,-1,2015-06-18 20:40:24.0
170,20,2015-06-18 20:40:06.0
367,37,2015-06-18 20:40:10.0
484,-1,2015-06-18 20:40:18.0
856,-1,2015-06-18 20:40:22.0
589,-1,2015-06-18 20:40:12.0
595,54,2015-06-18 20:40:12.0
47,18,2015-06-18 20:40:08.0
177,23,2015-06-18 20:40:06.0
1309,-1,2015-06-18 20:40:27.0
390,-1,2015-06-18 20:40:11.0
550,27,2015-06-18 20:40:14.0
450,28,2015-06-18 20:40:10.0
241,19,2015-06-18 20:40:13.0
1207,26,2015-06-18 20:40:20.0
634,14,2015-06-18 20:40:16.0
1103,-1,2015-06-18 20:40:24.0
421,19,2015-06-18 20:40:09.0
1215,18,2015-06-18 20:40:27.0
1197,-1,2015-06-18 20:40:17.0
137,19,2015-06-18 20:40:05.0
979,-1,2015-06-18 20:40:25.0
458,33,2015-06-18 20:40:17.0
75,-1,2015-06-18 20:40:08.0
181,25,2015-06-18 20:40:06.0
894,46,2015-06-18 20:40:20.0
187,23,2015-06-18 20:40:06.0
765,17,2015-06-18 20:40:20.0
1198,-1,2015-06-18 20:40:17.0
565,-1,2015-06-18 20:40:14.0
266,27,2015-06-18 20:40:15.0
198,-1,2015-06-18 20:40:07.0
583,42,2015-06-18 20:40:12.0
840,-1,2015-06-18 20:40:22.0
308,27,2015-06-18 20:40:14.0
1027,-1,2015-06-18 20:40:21.0
380,-1,2015-06-18 20:40:11.0
497,-1,2015-06-18 20:40:19.0
32,25,2015-06-18 20:40:08.0
13,-1,2015-06-18 20:40:07.0
229,15,2015-06-18 20:40:13.0
559,-1,2015-06-18 20:40:14.0
77,18,2015-06-18 20:40:08.0
1203,29,2015-06-18 20:40:20.0
183,33,2015-06-18 20:40:06.0
27,27,2015-06-18 20:40:08.0
171,20,2015-06-18 20:40:06.0
477,19,2015-06-18 20:40:18.0
753,-1,2015-06-18 20:40:20.0
893,43,2015-06-18 20:40:19.0
179,30,2015-06-18 20:40:06.0
943,20,2015-06-18 20:40:23.0
1258,24,2015-06-18 20:40:26.0
200,20,2015-06-18 20:40:07.0
336,13,2015-06-18 20:40:10.0
769,-1,2015-06-18 20:40:20.0
1272,21,2015-06-18 20:40:20.0
263,25,2015-06-18 20:40:15.0
175,-1,2015-06-18 20:40:06.0
284,23,2015-06-18 20:40:16.0
1117,28,2015-06-18 20:40:24.0
838,18,2015-06-18 20:40:22.0
274,17,2015-06-18 20:40:15.0
660,21,2015-06-18 20:40:17.0
639,-1,2015-06-18 20:40:16.0
203,29,2015-06-18 20:40:07.0
543,15,2015-06-18 20:40:13.0
637,25,2015-06-18 20:40:16.0
763,-1,2015-06-18 20:40:20.0
315,20,2015-06-18 20:40:14.0
366,31,2015-06-18 20:40:10.0
14,-1,2015-06-18 20:40:07.0
925,13,2015-06-18 20:40:20.0
293,18,2015-06-18 20:40:14.0
361,29,2015-06-18 20:40:10.0
34,26,2015-06-18 20:40:08.0
2,23,2015-06-18 20:40:07.0
650,27,2015-06-18 20:40:16.0
1033,20,2015-06-18 20:40:21.0
721,-1,2015-06-18 20:40:17.0
1238,-1,2015-06-18 20:40:25.0
125,23,2015-06-18 20:40:09.0
706,23,2015-06-18 20:40:17.0
1133,23,2015-06-18 20:40:26.0
881,-1,2015-06-18 20:40:23.0
602,-1,2015-06-18 20:40:12.0
158,24,2015-06-18 20:40:06.0
237,38,2015-06-18 20:40:13.0
20,27,2015-06-18 20:40:07.0
64,35,2015-06-18 20:40:08.0
1181,24,2015-06-18 20:40:26.0
786,31,2015-06-18 20:40:21.0
918,25,2015-06-18 20:40:20.0
301,-1,2015-06-18 20:40:14.0
914,21,2015-06-18 20:40:20.0
394,29,2015-06-18 20:40:11.0
483,-1,2015-06-18 20:40:18.0
455,20,2015-06-18 20:40:13.0
1298,-1,2015-06-18 20:40:26.0
131,19,2015-06-18 20:40:05.0
620,-1,2015-06-18 20:40:16.0
582,56,2015-06-18 20:40:12.0
792,-1,2015-06-18 20:40:21.0
714,-1,2015-06-18 20:40:17.0
972,33,2015-06-18 20:40:23.0
176,23,2015-06-18 20:40:06.0
136,-1,2015-06-18 20:40:05.0
976,42,2015-06-18 20:40:24.0
36,27,2015-06-18 20:40:08.0
195,12,2015-06-18 20:40:07.0
782,-1,2015-06-18 20:40:21.0
312,19,2015-06-18 20:40:14.0
53,24,2015-06-18 20:40:08.0
1205,-1,2015-06-18 20:40:20.0
1090,15,2015-06-18 20:40:24.0
519,31,2015-06-18 20:40:19.0
504,-1,2015-06-18 20:40:19.0
443,22,2015-06-18 20:40:10.0
1222,12,2015-06-18 20:40:25.0
1209,25,2015-06-18 20:40:20.0
249,27,2015-06-18 20:40:19.0
907,18,2015-06-18 20:40:20.0
698,23,2015-06-18 20:40:17.0
1192,-1,2015-06-18 20:40:26.0
478,-1,2015-06-18 20:40:18.0
533,-1,2015-06-18 20:40:13.0
867,18,2015-06-18 20:40:22.0
889,42,2015-06-18 20:40:19.0
189,16,2015-06-18 20:40:07.0
1206,17,2015-06-18 20:40:20.0
526,33,2015-06-18 20:40:19.0
708,20,2015-06-18 20:40:17.0
11,18,2015-06-18 20:40:07.0
1251,18,2015-06-18 20:40:26.0
1234,29,2015-06-18 20:40:25.0
580,55,2015-06-18 20:40:12.0
261,21,2015-06-18 20:40:15.0
785,26,2015-06-18 20:40:21.0
192,16,2015-06-18 20:40:07.0
1237,-1,2015-06-18 20:40:25.0
452,24,2015-06-18 20:40:10.0
929,22,2015-06-18 20:40:23.0
607,53,2015-06-18 20:40:12.0
425,-1,2015-06-18 20:40:09.0
453,15,2015-06-18 20:40:10.0
845,27,2015-06-18 20:40:22.0
1297,14,2015-06-18 20:40:26.0
1132,-1,2015-06-18 20:40:26.0
1247,38,2015-06-18 20:40:25.0
606,-1,2015-06-18 20:40:12.0
813,19,2015-06-18 20:40:21.0
850,-1,2015-06-18 20:40:22.0
495,25,2015-06-18 20:40:24.0
1307,17,2015-06-18 20:40:27.0
1188,-1,2015-06-18 20:40:26.0
847,-1,2015-06-18 20:40:22.0
1256,19,2015-06-18 20:40:26.0
1276,35,2015-06-18 20:40:22.0
411,16,2015-06-18 20:40:12.0
345,-1,2015-06-18 20:40:10.0
26,23,2015-06-18 20:40:08.0
531,32,2015-06-18 20:40:19.0
393,25,2015-06-18 20:40:11.0
560,-1,2015-06-18 20:40:14.0
3,-1,2015-06-18 20:40:07.0
875,19,2015-06-18 20:40:22.0
422,20,2015-06-18 20:40:09.0
652,24,2015-06-18 20:40:17.0
801,30,2015-06-18 20:40:21.0
1218,24,2015-06-18 20:40:27.0
224,14,2015-06-18 20:40:12.0
486,24,2015-06-18 20:40:18.0
705,21,2015-06-18 20:40:17.0
173,16,2015-06-18 20:40:06.0
96,-1,2015-06-18 20:40:09.0
66,31,2015-06-18 20:40:08.0
35,31,2015-06-18 20:40:08.0
709,-1,2015-06-18 20:40:17.0
516,29,2015-06-18 20:40:19.0
576,25,2015-06-18 20:40:11.0
40,17,2015-06-18 20:40:08.0
636,31,2015-06-18 20:40:16.0
445,31,2015-06-18 20:40:10.0
404,-1,2015-06-18 20:40:11.0
1051,-1,2015-06-18 20:40:21.0
37,-1,2015-06-18 20:40:08.0
151,13,2015-06-18 20:40:06.0
642,18,2015-06-18 20:40:16.0
1116,39,2015-06-18 20:40:24.0
789,23,2015-06-18 20:40:21.0
1245,14,2015-06-18 20:40:25.0
854,-1,2015-06-18 20:40:22.0
228,17,2015-06-18 20:40:13.0
44,24,2015-06-18 20:40:08.0
409,22,2015-06-18 20:40:12.0
912,32,2015-06-18 20:40:20.0
135,27,2015-06-18 20:40:05.0
287,16,2015-06-18 20:40:16.0
938,25,2015-06-18 20:40:23.0
719,18,2015-06-18 20:40:17.0
1001,-1,2015-06-18 20:40:25.0
326,25,2015-06-18 20:40:15.0
643,15,2015-06-18 20:40:16.0
762,-1,2015-06-18 20:40:20.0
330,-1,2015-06-18 20:40:15.0
379,25,2015-06-18 20:40:11.0
99,28,2015-06-18 20:40:09.0
448,20,2015-06-18 20:40:10.0
60,-1,2015-06-18 20:40:08.0
214,-1,2015-06-18 20:40:12.0
680,-1,2015-06-18 20:40:17.0
84,29,2015-06-18 20:40:15.0
54,-1,2015-06-18 20:40:08.0
33,22,2015-06-18 20:40:08.0
926,-1,2015-06-18 20:40:20.0
97,27,2015-06-18 20:40:09.0
554,-1,2015-06-18 20:40:14.0
783,28,2015-06-18 20:40:21.0
351,23,2015-06-18 20:40:10.0
429,22,2015-06-18 20:40:10.0
245,26,2015-06-18 20:40:13.0
283,12,2015-06-18 20:40:16.0
42,14,2015-06-18 20:40:08.0
126,12,2015-06-18 20:40:09.0
456,24,2015-06-18 20:40:17.0
1265,24,2015-06-18 20:40:26.0
1126,36,2015-06-18 20:40:21.0
1125,40,2015-06-18 20:40:21.0
536,14,2015-06-18 20:40:13.0
503,29,2015-06-18 20:40:19.0
311,-1,2015-06-18 20:40:14.0
1303,21,2015-06-18 20:40:27.0
328,-1,2015-06-18 20:40:15.0
216,31,2015-06-18 20:40:12.0
1223,28,2015-06-18 20:40:25.0
949,-1,2015-06-18 20:40:23.0
814,14,2015-06-18 20:40:22.0
1003,23,2015-06-18 20:40:25.0
1036,-1,2015-06-18 20:40:21.0
392,25,2015-06-18 20:40:11.0
691,26,2015-06-18 20:40:17.0
403,-1,2015-06-18 20:40:11.0
371,-1,2015-06-18 20:40:10.0
1100,20,2015-06-18 20:40:24.0
1038,21,2015-06-18 20:40:21.0
142,26,2015-06-18 20:40:05.0
892,45,2015-06-18 20:40:19.0
788,25,2015-06-18 20:40:21.0
1104,18,2015-06-18 20:40:24.0
333,-1,2015-06-18 20:40:10.0
623,23,2015-06-18 20:40:16.0
471,-1,2015-06-18 20:40:18.0
1083,-1,2015-06-18 20:40:24.0
52,29,2015-06-18 20:40:08.0
102,25,2015-06-18 20:40:09.0
1220,16,2015-06-18 20:40:27.0
1124,-1,2015-06-18 20:40:24.0
1204,-1,2015-06-18 20:40:20.0
286,16,2015-06-18 20:40:16.0
1226,26,2015-06-18 20:40:25.0
98,-1,2015-06-18 20:40:09.0
346,-1,2015-06-18 20:40:10.0
1304,-1,2015-06-18 20:40:27.0
784,26,2015-06-18 20:40:21.0
242,23,2015-06-18 20:40:13.0
377,20,2015-06-18 20:40:11.0
1202,21,2015-06-18 20:40:20.0
880,-1,2015-06-18 20:40:23.0
174,-1,2015-06-18 20:40:06.0
401,32,2015-06-18 20:40:11.0
694,25,2015-06-18 20:40:17.0
227,-1,2015-06-18 20:40:13.0
647,20,2015-06-18 20:40:16.0
1,27,2015-06-18 20:40:07.0
144,24,2015-06-18 20:40:05.0
296,22,2015-06-18 20:40:14.0
1018,-1,2015-06-18 20:40:20.0
604,-1,2015-06-18 20:40:12.0
1189,20,2015-06-18 20:40:26.0
1208,21,2015-06-18 20:40:20.0
117,18,2015-06-18 20:40:09.0
552,18,2015-06-18 20:40:14.0
1105,20,2015-06-18 20:40:24.0
581,55,2015-06-18 20:40:12.0
272,16,2015-06-18 20:40:15.0
159,-1,2015-06-18 20:40:06.0
884,26,2015-06-18 20:40:23.0
1302,12,2015-06-18 20:40:25.0
358,-1,2015-06-18 20:40:10.0
755,-1,2015-06-18 20:40:20.0
496,24,2015-06-18 20:40:24.0
1031,-1,2015-06-18 20:40:21.0
258,14,2015-06-18 20:40:15.0
207,12,2015-06-18 20:40:07.0
986,-1,2015-06-18 20:40:25.0
534,-1,2015-06-18 20:40:13.0
514,30,2015-06-18 20:40:19.0
186,20,2015-06-18 20:40:06.0
871,-1,2015-06-18 20:40:22.0
481,21,2015-06-18 20:40:18.0
418,25,2015-06-18 20:40:09.0
196,30,2015-06-18 20:40:07.0
59,27,2015-06-18 20:40:08.0
1224,25,2015-06-18 20:40:25.0
809,-1,2015-06-18 20:40:21.0
267,27,2015-06-18 20:40:15.0
143,-1,2015-06-18 20:40:05.0
775,26,2015-06-18 20:40:16.0
1058,-1,2015-06-18 20:40:24.0
236,15,2015-06-18 20:40:13.0
306,14,2015-06-18 20:40:14.0
344,-1,2015-06-18 20:40:10.0
148,31,2015-06-18 20:40:06.0
1057,-1,2015-06-18 20:40:24.0
933,20,2015-06-18 20:40:23.0
594,50,2015-06-18 20:40:12.0
1055,16,2015-06-18 20:40:24.0
299,0,2015-06-18 20:40:14.0
490,24,2015-06-18 20:40:18.0
547,33,2015-06-18 20:40:14.0
149,16,2015-06-18 20:40:06.0
1183,-1,2015-06-18 20:40:26.0
908,14,2015-06-18 20:40:20.0
243,21,2015-06-18 20:40:13.0
16,-1,2015-06-18 20:40:07.0
625,-1,2015-06-18 20:40:16.0
384,-1,2015-06-18 20:40:11.0
381,-1,2015-06-18 20:40:11.0
937,16,2015-06-18 20:40:23.0
356,-1,2015-06-18 20:40:10.0
942,18,2015-06-18 20:40:23.0
1210,-1,2015-06-18 20:40:20.0
5,30,2015-06-18 20:40:07.0
757,-1,2015-06-18 20:40:20.0
627,-1,2015-06-18 20:40:16.0
188,16,2015-06-18 20:40:07.0
967,-1,2015-06-18 20:40:23.0
611,55,2015-06-18 20:40:12.0
250,27,2015-06-18 20:40:19.0
670,31,2015-06-18 20:40:17.0
629,-1,2015-06-18 20:40:16.0
772,-1,2015-06-18 20:40:16.0
398,23,2015-06-18 20:40:11.0
712,20,2015-06-18 20:40:17.0
152,20,2015-06-18 20:40:06.0
107,-1,2015-06-18 20:40:09.0
354,16,2015-06-18 20:40:10.0
277,37,2015-06-18 20:40:15.0
197,-1,2015-06-18 20:40:07.0
835,-1,2015-06-18 20:40:22.0
139,28,2015-06-18 20:40:05.0
525,-1,2015-06-18 20:40:19.0
387,34,2015-06-18 20:40:11.0
1283,19,2015-06-18 20:40:12.0
921,16,2015-06-18 20:40:20.0
190,-1,2015-06-18 20:40:07.0
1259,-1,2015-06-18 20:40:26.0
538,18,2015-06-18 20:40:13.0
238,28,2015-06-18 20:40:13.0
223,26,2015-06-18 20:40:12.0
316,23,2015-06-18 20:40:14.0
807,-1,2015-06-18 20:40:21.0
80,21,2015-06-18 20:40:08.0
15,-1,2015-06-18 20:40:07.0
150,24,2015-06-18 20:40:06.0
970,-1,2015-06-18 20:40:23.0
297,16,2015-06-18 20:40:14.0
1214,25,2015-06-18 20:40:27.0
530,-1,2015-06-18 20:40:19.0
278,20,2015-06-18 20:40:16.0
532,-1,2015-06-18 20:40:13.0
256,20,2015-06-18 20:40:15.0
446,20,2015-06-18 20:40:10.0
118,16,2015-06-18 20:40:09.0
815,14,2015-06-18 20:40:22.0
851,-1,2015-06-18 20:40:22.0
1235,36,2015-06-18 20:40:25.0
1059,-1,2015-06-18 20:40:24.0
204,21,2015-06-18 20:40:07.0
946,-1,2015-06-18 20:40:23.0
419,18,2015-06-18 20:40:09.0
300,-1,2015-06-18 20:40:14.0
945,22,2015-06-18 20:40:23.0
399,22,2015-06-18 20:40:11.0
416,-1,2015-06-18 20:40:09.0
1277,25,2015-06-18 20:40:16.0
866,-1,2015-06-18 20:40:22.0
839,6,2015-06-18 20:40:22.0
601,53,2015-06-18 20:40:12.0
424,-1,2015-06-18 20:40:09.0
947,-1,2015-06-18 20:40:23.0
968,-1,2015-06-18 20:40:23.0
843,14,2015-06-18 20:40:22.0
1173,-1,2015-06-18 20:40:26.0
294,18,2015-06-18 20:40:14.0
879,-1,2015-06-18 20:40:22.0
474,-1,2015-06-18 20:40:18.0
133,23,2015-06-18 20:40:05.0
252,27,2015-06-18 20:40:15.0
693,24,2015-06-18 20:40:17.0
428,-1,2015-06-18 20:40:10.0
798,27,2015-06-18 20:40:21.0
1287,14,2015-06-18 20:40:25.0
482,26,2015-06-18 20:40:18.0
778,27,2015-06-18 20:40:21.0
1212,27,2015-06-18 20:40:27.0
1246,33,2015-06-18 20:40:25.0
368,-1,2015-06-18 20:40:10.0
119,-1,2015-06-18 20:40:09.0
790,-1,2015-06-18 20:40:21.0
1305,-1,2015-06-18 20:40:27.0
413,20,2015-06-18 20:40:12.0
87,27,2015-06-18 20:40:09.0
318,25,2015-06-18 20:40:14.0
1294,18,2015-06-18 20:40:26.0
439,29,2015-06-18 20:40:10.0
593,44,2015-06-18 20:40:12.0
155,17,2015-06-18 20:40:06.0
305,27,2015-06-18 20:40:14.0
577,27,2015-06-18 20:40:11.0
512,29,2015-06-18 20:40:19.0
829,-1,2015-06-18 20:40:22.0
19,32,2015-06-18 20:40:07.0
479,-1,2015-06-18 20:40:18.0
90,24,2015-06-18 20:40:09.0
264,-1,2015-06-18 20:40:15.0
93,20,2015-06-18 20:40:09.0
505,33,2015-06-18 20:40:19.0
46,16,2015-06-18 20:40:08.0
574,24,2015-06-18 20:40:11.0
1211,27,2015-06-18 20:40:27.0
510,24,2015-06-18 20:40:19.0
21,-1,2015-06-18 20:40:07.0
1253,27,2015-06-18 20:40:26.0
199,-1,2015-06-18 20:40:07.0
412,16,2015-06-18 20:40:12.0
120,-1,2015-06-18 20:40:09.0
872,19,2015-06-18 20:40:22.0
1056,15,2015-06-18 20:40:24.0
61,-1,2015-06-18 20:40:08.0
539,25,2015-06-18 20:40:13.0
954,-1,2015-06-18 20:40:23.0
632,27,2015-06-18 20:40:16.0
466,26,2015-06-18 20:40:18.0
1049,-1,2015-06-18 20:40:21.0
180,15,2015-06-18 20:40:06.0
645,26,2015-06-18 20:40:16.0
154,23,2015-06-18 20:40:06.0
997,-1,2015-06-18 20:40:25.0
1263,25,2015-06-18 20:40:26.0
194,14,2015-06-18 20:40:07.0
556,-1,2015-06-18 20:40:14.0
215,-1,2015-06-18 20:40:12.0
1052,-1,2015-06-18 20:40:23.0
454,20,2015-06-18 20:40:10.0
111,-1,2015-06-18 20:40:09.0
863,21,2015-06-18 20:40:22.0
777,26,2015-06-18 20:40:21.0
17,-1,2015-06-18 20:40:07.0
162,18,2015-06-18 20:40:06.0
50,18,2015-06-18 20:40:08.0
233,20,2015-06-18 20:40:13.0
67,37,2015-06-18 20:40:08.0
122,16,2015-06-18 20:40:09.0
877,20,2015-06-18 20:40:22.0
1296,-1,2015-06-18 20:40:26.0
292,-1,2015-06-18 20:40:09.0
338,19,2015-06-18 20:40:10.0
591,-1,2015-06-18 20:40:12.0
817,30,2015-06-18 20:40:22.0
460,-1,2015-06-18 20:40:18.0
442,28,2015-06-18 20:40:10.0
812,26,2015-06-18 20:40:21.0
828,-1,2015-06-18 20:40:22.0
406,27,2015-06-18 20:40:11.0
402,13,2015-06-18 20:40:11.0
1285,16,2015-06-18 20:40:25.0
1240,15,2015-06-18 20:40:25.0
598,43,2015-06-18 20:40:12.0
520,20,2015-06-18 20:40:19.0
717,18,2015-06-18 20:40:17.0
648,20,2015-06-18 20:40:16.0
352,31,2015-06-18 20:40:10.0
899,-1,2015-06-18 20:40:20.0
95,-1,2015-06-18 20:40:09.0
612,39,2015-06-18 20:40:20.0
319,-1,2015-06-18 20:40:14.0
138,15,2015-06-18 20:40:05.0
823,-1,2015-06-18 20:40:22.0
129,-1,2015-06-18 20:40:05.0
825,27,2015-06-18 20:40:22.0
276,18,2015-06-18 20:40:15.0
1061,-1,2015-06-18 20:40:24.0
247,32,2015-06-18 20:40:18.0
1153,27,2015-06-18 20:40:27.0
878,-1,2015-06-18 20:40:22.0
1228,25,2015-06-18 20:40:25.0
414,20,2015-06-18 20:40:12.0
25,17,2015-06-18 20:40:08.0
22,-1,2015-06-18 20:40:08.0
684,22,2015-06-18 20:40:17.0
802,29,2015-06-18 20:40:21.0
157,24,2015-06-18 20:40:06.0
690,-1,2015-06-18 20:40:17.0
810,20,2015-06-18 20:40:21.0
440,32,2015-06-18 20:40:10.0
121,-1,2015-06-18 20:40:09.0
457,33,2015-06-18 20:40:17.0
1201,31,2015-06-18 20:40:20.0
239,28,2015-06-18 20:40:13.0
1025,-1,2015-06-18 20:40:20.0
575,25,2015-06-18 20:40:11.0
314,16,2015-06-18 20:40:14.0
597,-1,2015-06-18 20:40:12.0
359,10,2015-06-18 20:40:10.0
257,18,2015-06-18 20:40:15.0
837,24,2015-06-18 20:40:22.0
641,11,2015-06-18 20:40:16.0
1196,33,2015-06-18 20:40:17.0
382,-1,2015-06-18 20:40:11.0
94,18,2015-06-18 20:40:09.0
896,44,2015-06-18 20:40:20.0
546,16,2015-06-18 20:40:13.0
212,11,2015-06-18 20:40:12.0
360,30,2015-06-18 20:40:10.0
38,-1,2015-06-18 20:40:08.0
737,15,2015-06-18 20:40:20.0
718,18,2015-06-18 20:40:17.0
628,-1,2015-06-18 20:40:16.0
273,16,2015-06-18 20:40:15.0
62,-1,2015-06-18 20:40:08.0
638,-1,2015-06-18 20:40:16.0
618,-1,2015-06-18 20:40:16.0
610,56,2015-06-18 20:40:12.0
302,-1,2015-06-18 20:40:14.0
1261,29,2015-06-18 20:40:26.0
127,18,2015-06-18 20:40:05.0
166,24,2015-06-18 20:40:06.0
110,-1,2015-06-18 20:40:09.0
145,29,2015-06-18 20:40:05.0
816,31,2015-06-18 20:40:22.0
322,24,2015-06-18 20:40:15.0
218,13,2015-06-18 20:40:12.0
1280,20,2015-06-18 20:40:25.0
491,16,2015-06-18 20:40:18.0
45,18,2015-06-18 20:40:08.0
624,16,2015-06-18 20:40:16.0
1040,-1,2015-06-18 20:40:21.0
219,20,2015-06-18 20:40:12.0
558,-1,2015-06-18 20:40:14.0
599,49,2015-06-18 20:40:12.0
1115,27,2015-06-18 20:40:24.0
987,-1,2015-06-18 20:40:25.0
1241,29,2015-06-18 20:40:25.0
334,-1,2015-06-18 20:40:10.0
405,18,2015-06-18 20:40:11.0
827,-1,2015-06-18 20:40:22.0
57,31,2015-06-18 20:40:08.0
711,25,2015-06-18 20:40:17.0
1060,-1,2015-06-18 20:40:24.0
182,29,2015-06-18 20:40:06.0
472,-1,2015-06-18 20:40:18.0
388,27,2015-06-18 20:40:11.0
857,-1,2015-06-18 20:40:22.0
29,-1,2015-06-18 20:40:08.0
683,23,2015-06-18 20:40:17.0
739,-1,2015-06-18 20:40:20.0
74,-1,2015-06-18 20:40:08.0
930,20,2015-06-18 20:40:23.0
553,-1,2015-06-18 20:40:14.0
922,16,2015-06-18 20:40:20.0
1274,20,2015-06-18 20:40:20.0
340,27,2015-06-18 20:40:10.0
939,-1,2015-06-18 20:40:23.0
304,14,2015-06-18 20:40:14.0
290,20,2015-06-18 20:40:09.0
890,50,2015-06-18 20:40:19.0
146,18,2015-06-18 20:40:06.0
1099,27,2015-06-18 20:40:24.0
1082,34,2015-06-18 20:40:24.0
644,24,2015-06-18 20:40:16.0
